id,name,Geburtsdatum,gnd,pmb_id
wr-person-0283,"Achelis, Thomas",,https://d-nb.info/gnd/116005041,261136
wr-person-0074,"Aho, Juhani",1861-09-11,https://d-nb.info/gnd/118846329,299886
wr-person-0148,"Albert, Henri",1869,https://d-nb.info/gnd/118817477,2801
wr-person-0004,"Altenberg, Peter",1859-03-09,https://d-nb.info/gnd/118502255,2147
wr-person-0056,"Althof, Paul",1869,https://d-nb.info/gnd/1164385046,299890
wr-person-0316,"Appia, Adolphe",1862-09-01,https://d-nb.info/gnd/118503731,150692
wr-person-0159,"Arjuna, Harold",1856,https://d-nb.info/gnd/1129197565,299891
wr-person-0208,"Asenijeff, Elsa",1867-01-03,https://d-nb.info/gnd/118973088,159171
wr-person-0079,"Auernheimer, Raoul",1876-04-15,https://d-nb.info/gnd/118505033,10788
wr-person-0267,"Barbey d'Aurevilly, Jules Amédée",1808-11-02,https://d-nb.info/gnd/118506498,4266
wr-person-0030,"Barrès, Maurice",1862-08-19,https://d-nb.info/gnd/118506684,3892
wr-person-0073,"Basedow, Hans von",,https://d-nb.info/gnd/116076267,299892
wr-person-0034,"Baudelaire, Charles",1821-04-09,https://d-nb.info/gnd/118507184,4950
wr-person-0295,"Beardsley, Aubrey",1872-08-21,https://d-nb.info/gnd/118507826,13870
wr-person-0084,"Benzmann, Hans",1869-09-27,https://d-nb.info/gnd/119059355,113406
wr-person-0078,"Björnson, Björnstjerne",,https://d-nb.info/gnd/118511459,2400
wr-person-0093,"Bleibtreu, Carl",1859-01-13,https://d-nb.info/gnd/118663909,14281
wr-person-0168,"Bleibtreu, Carl",1859-01-13,https://d-nb.info/gnd/118663909,14281
wr-person-0194,"Bliß, Paul",1861-03-03,https://d-nb.info/gnd/116202106,299893
wr-person-0067,"Bodman, Emanuel von",1874-01-23,https://d-nb.info/gnd/118660497,5490
wr-person-0233,"Böhme, Edwin",1877-05-13,https://d-nb.info/gnd/117717460,299895
wr-person-0293,"Brausewetter, Ernst",1863-06-02,https://d-nb.info/gnd/118514733,299896
wr-person-0250,"Buet, Charles",1846,https://d-nb.info/gnd/172491991,299899
wr-person-0211,"Chamberlain, Houston Stewart",1855-09-09,https://d-nb.info/gnd/118675508,11086
wr-person-0019,"Chrēstomanos, Kōnstantinos",1867-08-01,https://d-nb.info/gnd/119098067,14971
wr-person-0174,"Chrēstomanos, Kōnstantinos",1867-08-01,https://d-nb.info/gnd/119098067,14971
wr-person-0133,"Christen, Ada",1844-03-06,https://d-nb.info/gnd/119549263,4927
wr-person-0263,"Crane, Walter",1845-08-15,https://d-nb.info/gnd/118522639,116471
wr-person-0061,"D'Annunzio, Gabriele",1863-03-12,https://d-nb.info/gnd/118503243,2142
wr-person-0157,"d’Annunzio, Gabriele",,https://d-nb.info/gnd/118503243,2142
wr-person-0113,Dante,,https://d-nb.info/gnd/118523708,3326
wr-person-0118,"Daudet, Julia Rosalie Céleste",1847-07-13,https://d-nb.info/gnd/123294444,299902
wr-person-0011,"De Amicis, Edmondo",1846-10-21,https://d-nb.info/gnd/118679066,112657
wr-person-0312,"De Quincey, Thomas",1785,https://d-nb.info/gnd/118524747,257926
wr-person-0018,"Dehmel, Richard",,https://d-nb.info/gnd/118679236,11148
wr-person-0240,"Deinhard, Ludwig",1847,https://d-nb.info/gnd/116055367,299905
wr-person-0040,"Delle Grazie, Marie Eugenie",1864-08-01,https://d-nb.info/gnd/118746278,4064
wr-person-0307,"Deussen, Paul, Prof.",,https://d-nb.info/gnd/118671707,3827
wr-person-0089,"Dix, Arthur",1875,https://d-nb.info/gnd/11614579X,299909
wr-person-0021,"Dostojewsky, F. M.",,https://d-nb.info/gnd/118527053,4006
wr-person-0127,"Drachmann, Holger",1846-10-09,https://d-nb.info/gnd/119018934,6855
wr-person-0271,"Drews, Arthur, Prof.",,https://d-nb.info/gnd/116219351,149582
wr-person-0308,"Driesmans, Heinrich",1863,https://d-nb.info/gnd/116223111,3357
wr-person-0149,"Eekhoud, Georg",,https://d-nb.info/gnd/119372908,151936
wr-person-0145,"Egidy, Moritz von",1847-08-29,https://d-nb.info/gnd/11868809X,62405
wr-person-0197,"Ehrhart, Robert von",1870-09-12,https://d-nb.info/gnd/126290911,4326
wr-person-0020,"Elbogen, Friedrich",,https://d-nb.info/gnd/1049479807,11243
wr-person-0172,"Eloesser, Arthur",1870-03-20,https://d-nb.info/gnd/118688839,11250
wr-person-0165,"Emerson, Ralph Waldo",1803-05-25,https://d-nb.info/gnd/118530127,5438
wr-person-0163,"Endell, August",1871-04-12,https://d-nb.info/gnd/118682032,299913
wr-person-0252,"Ephron, Heinrich",,https://d-nb.info/gnd/1021283649,299916
wr-person-0265,"Ephron, Jefim Heinrich",,https://d-nb.info/gnd/126321108,299920
wr-person-0017,"Evers, Franz",,https://d-nb.info/gnd/116611804,182055
wr-person-0047,"Feldegg, Victor",1874,https://d-nb.info/gnd/11643919X,299921
wr-person-0069,"Ferrero, Guglielmo, Prof.",,https://d-nb.info/gnd/118989162,144653
wr-person-0264,"Ferri, Enrico",,https://d-nb.info/gnd/116472766,117388
wr-person-0112,"Ferri, Prof. Enrico",,https://d-nb.info/gnd/116472766,117388
wr-person-0125,"Ferri, Professor Enrico",,https://d-nb.info/gnd/116472766,117388
wr-person-0043,"Fiamingo, Giuseppe",1875,https://d-nb.info/gnd/1228995540,299923
wr-person-0164,Fidus,1868-10-08,https://d-nb.info/gnd/118687077,151568
wr-person-0060,"Forsslund, Carl Erik",,https://d-nb.info/gnd/119103672,299928
wr-person-0298,"Förster-Nietzsche, Elisabeth",1846-07-10,https://d-nb.info/gnd/11853419X,43786
wr-person-0066,"France, Anatole",1844-04-16,https://d-nb.info/gnd/118692445,4279
wr-person-0287,"Froebe, Robert, Dr.",,https://d-nb.info/gnd/1282999702,299933
wr-person-0048,"Frommel, Gaston",1862,https://d-nb.info/gnd/1047604728,299936
wr-person-0049,"Fuchs, Georg",,https://d-nb.info/gnd/118693980,7288
wr-person-0140,"Garborg, Arne",1851-01-25,https://d-nb.info/gnd/11853758X,65071
wr-person-0116,"Garde, Arnold",1871,https://d-nb.info/gnd/11642270X,299940
wr-person-0091,"Gaultier, Jules de",1858,https://d-nb.info/gnd/13397331X,299941
wr-person-0044,"Geijerstam, Gustaf af",1858-01-05,https://d-nb.info/gnd/115657061,7363
wr-person-0131,"Gemberg, Adine",1860-04-28,https://d-nb.info/gnd/116536624,299944
wr-person-0176,"George, Stefan",,https://d-nb.info/gnd/11853856X,2437
wr-person-0226,"Geßmann, Gustav Wilhelm",1860,https://d-nb.info/gnd/117719633,299947
wr-person-0274,"Gorkij, Maxim",,https://d-nb.info/gnd/118639293,2323
wr-person-0256,"Gosse, Edmund",1849,https://d-nb.info/gnd/118696610,158105
wr-person-0203,"Gourmont, Remy de",1858-04-04,https://d-nb.info/gnd/118718320,64948
wr-person-0261,"Graevell, Paul",1856,https://d-nb.info/gnd/116814071,299948
wr-person-0166,"Graf, Dr. Max",,https://d-nb.info/gnd/118697005,11512
wr-person-0260,"Graf, Max",,https://d-nb.info/gnd/118697005,11512
wr-person-0200,"Grävell van Jostenoode, Harald-Arjuna",1856,https://d-nb.info/gnd/127640959,299950
wr-person-0223,"Grävell van Jostenoode, Harald-Arjuna",1856,https://d-nb.info/gnd/127640959,299950
wr-person-0262,"Grävell van Jostenoode, Harald-Arjuna",1856,https://d-nb.info/gnd/127640959,299950
wr-person-0299,"Grävell van Jostenoode, Harald-Arjuna",1856,https://d-nb.info/gnd/127640959,299950
wr-person-0102,"Gregh, Fernand",1873,https://d-nb.info/gnd/118718649,299951
wr-person-0101,"Grossmann, Stefan",,https://d-nb.info/gnd/118542664,11527
wr-person-0249,"Groux, Henri de",1867,https://d-nb.info/gnd/128811919,299954
wr-person-0038,"Guglia, Eugen",1857-08-24,https://d-nb.info/gnd/116920475,11545
wr-person-0254,"Gundolf, Friedrich",1880-06-20,https://d-nb.info/gnd/118543628,3824
wr-person-0221,"Haberfeld, Hugo",,https://d-nb.info/gnd/116349433,3475
wr-person-0215,"Haberlandt, Mich.",,https://d-nb.info/gnd/116350725,96521
wr-person-0186,"Hallström, Per",1866-09-29,https://d-nb.info/gnd/116412925,17759
wr-person-0147,"Hamsun, Knut",1859-08-04,https://d-nb.info/gnd/118545515,11570
wr-person-0023,"Hango, Hermann",1861-05-16,https://d-nb.info/gnd/11645332X,43837
wr-person-0288,"Hardt, Ernst",,https://d-nb.info/gnd/11870155X,11585
wr-person-0183,"Hartmann, Franz",,https://d-nb.info/gnd/118546287,261276
wr-person-0205,"Hartwig, Th.",,https://d-nb.info/gnd/127473998,299957
wr-person-0143,"Hartwig, Theodor J.",,https://d-nb.info/gnd/127473998,299957
wr-person-0306,"Heiberg, Gunnar",,https://d-nb.info/gnd/119361388,65075
wr-person-0191,"Heidenstam, Verner von",1859-07-06,https://d-nb.info/gnd/119112280,182070
wr-person-0180,"Heimann, Moritz",1868-07-19,https://d-nb.info/gnd/118773666,11632
wr-person-0136,"Hello, Ernest",1828-11-04,https://d-nb.info/gnd/119205823,11650
wr-person-0117,"Henckel, W.",,https://d-nb.info/gnd/120598507,299958
wr-person-0154,"Henckell, Karl",1864-04-17,https://d-nb.info/gnd/118835289,7784
wr-person-0085,"Herzfeld, Marie",1855-03-20,https://d-nb.info/gnd/119543559,11666
wr-person-0022,"Hirschfeld, Georg",,https://d-nb.info/gnd/101708122,11701
wr-person-0128,"Hoffmann, Nina",,https://d-nb.info/gnd/1011894475,18390
wr-person-0003,"Hofmannsthal, Hugo von",1874-02-01,https://d-nb.info/gnd/118552759,11740
wr-person-0141,"Hofmannsthal, Hugo von",1874-02-01,https://d-nb.info/gnd/118552759,11740
wr-person-0126,"Holitscher, Arthur",1869-08-22,https://d-nb.info/gnd/118973096,11749
wr-person-0160,"Huch, Ricarda",1864-07-18,https://d-nb.info/gnd/118554190,11780
wr-person-0234,"Huch, Ricarda",1864-07-18,https://d-nb.info/gnd/118554190,11780
wr-person-0169,"Ibsen, Dr. Sigurd",,https://d-nb.info/gnd/117091383,65077
wr-person-0222,"Jacobsen, Rosalia",,https://d-nb.info/gnd/11704718X,299959
wr-person-0016,"Janitschek, Maria",1859-07-23,https://d-nb.info/gnd/117078719,64831
wr-person-0153,"Johnsen, Peter Marcus Gjøe",1857,https://d-nb.info/gnd/1139669583,299960
wr-person-0109,"Karasek, Jiri",,https://d-nb.info/gnd/11924196X,299963
wr-person-0294,"Kassner, Rudolf",1873-11-09,https://d-nb.info/gnd/118560492,5096
wr-person-0310,"Key, Ellen",,https://d-nb.info/gnd/11893449X,11919
wr-person-0232,"Khnopff, Fernand",1858-09-12,https://d-nb.info/gnd/118561871,113850
wr-person-0212,"Kipling, Rudyard",1865-12-30,https://d-nb.info/gnd/118562290,8204
wr-person-0076,"Klossowski, Erich",1875-12-21,https://d-nb.info/gnd/116234903,149469
wr-person-0277,"Kniepf, Albert",1853-02-23,https://d-nb.info/gnd/116254130,299966
wr-person-0315,"Knoops, Th. v.",,https://d-nb.info/gnd/1157547559,299967
wr-person-0046,"Kobor, Thomas",,https://d-nb.info/gnd/1057704768,299968
wr-person-0219,"Kolb, Annette",1870-02-03,https://d-nb.info/gnd/118713698,4351
wr-person-0087,"Kotanyi, E.",,https://d-nb.info/gnd/128006005,299971
wr-person-0008,"Kraus, Karl",1874-04-28,https://d-nb.info/gnd/118566288,11988
wr-person-0086,"Kromer, Heinrich Ernst",1866-09-26,https://d-nb.info/gnd/116553146,64821
wr-person-0270,"Kuhlenbeck, Ludwig",1857-04-25,https://d-nb.info/gnd/116601000,299972
wr-person-0275,"Kuhlenbeck, Ludwig, Dr.",,https://d-nb.info/gnd/116601000,299972
wr-person-0081,"Kürnberger, Ferdinand",1823-07-03,https://d-nb.info/gnd/118567764,19980
wr-person-0050,"Lagerlöf, Selma",1858-11-20,https://d-nb.info/gnd/118726005,8422
wr-person-0224,"Laßwitz, Kurd",1848-04-20,https://d-nb.info/gnd/118569961,299975
wr-person-0055,"Leblanc, Maurice",,https://d-nb.info/gnd/118779125,299978
wr-person-0229,"Lechter, Melchior",1865-10-02,https://d-nb.info/gnd/118726935,158369
wr-person-0280,"Lemonnier, Camille",1844-03-24,https://d-nb.info/gnd/118779389,8568
wr-person-0227,"Levertin, Oscar",1862-07-17,https://d-nb.info/gnd/119222760,299981
wr-person-0062,"Levetzow, Karl Michael von",1871-04-10,https://d-nb.info/gnd/116961961,12056
wr-person-0179,"Levetzow, Karl Michael von",1871-04-10,https://d-nb.info/gnd/116961961,12056
wr-person-0100,"Linsemann, Paul",1871-02-26,https://d-nb.info/gnd/117036609,12085
wr-person-0196,"Loos, Adolf",,https://d-nb.info/gnd/11857423X,3612
wr-person-0177,"Ludassy, J. v.",,https://d-nb.info/gnd/119319764,11406
wr-person-0001,"Maeterlinck, Maurice",1862-08-29,https://d-nb.info/gnd/118576089,12156
wr-person-0309,"Mallarmé, Stéphane",1842-03-18,https://d-nb.info/gnd/118576771,115304
wr-person-0082,"Manheimer, Victor",1877-12-07,https://d-nb.info/gnd/119061015,8792
wr-person-0187,"Mauclair, Camille",1872-12-29,https://d-nb.info/gnd/119454351,4464
wr-person-0253,"Mendès, Catulle",1841-05-22,https://d-nb.info/gnd/118783203,21317
wr-person-0057,"Menkes, Hermann",1873-07-15,https://d-nb.info/gnd/116882239,2553
wr-person-0075,"Messer, Max",,https://d-nb.info/gnd/116914130,2885
wr-person-0185,"Meyer-Förster, Elsbeth",1870-01-05,https://d-nb.info/gnd/117004049,21393
wr-person-0237,"Moeller van den Bruck, Arthur",1876-04-23,https://d-nb.info/gnd/118734423,94197
wr-person-0266,"Monogrammist, W Sch",,https://d-nb.info/gnd/1046085301,299985
wr-person-0054,"Montesquiou, Graf Robert von",,https://d-nb.info/gnd/118583689,151901
wr-person-0285,"Moreau, Gustave",1826-04-06,https://d-nb.info/gnd/118583972,151511
wr-person-0015,"Morgenstern, Christian",,https://d-nb.info/gnd/11881169X,12290
wr-person-0257,"Mörner, Birger",,https://d-nb.info/gnd/117088501,173277
wr-person-0032,"Morris, William",,https://d-nb.info/gnd/118584251,65043
wr-person-0242,Multatuli,1820-03-02,https://d-nb.info/gnd/118679279,15285
wr-person-0305,"Multatuli, Wahrheit",,https://d-nb.info/gnd/118679279,15285
wr-person-0218,"Muther, Richard",,https://d-nb.info/gnd/119115387,12319
wr-person-0070,"Nansen, Peter",1861-01-20,https://d-nb.info/gnd/116882670,2357
wr-person-0058,"Necker, Moritz",1857-10-14,https://d-nb.info/gnd/116902965,28523
wr-person-0297,Neera,1846,https://d-nb.info/gnd/118884654,28753
wr-person-0035,"Neumann, Alfred",,https://d-nb.info/gnd/120427354,299986
wr-person-0171,"Nietzsche, Friedrich",1844-10-15,https://d-nb.info/gnd/118587943,12358
wr-person-0108,"Obstfelder, Sigbjørn",1866,https://d-nb.info/gnd/118786660,65082
wr-person-0202,"Oehler, August",,https://d-nb.info/gnd/1159042357,299987
wr-person-0045,"Oestéren, Friedrich Werner van",1874-09-18,https://d-nb.info/gnd/117106860,299988
wr-person-0025,"Panizza, Oskar",1853-11-12,https://d-nb.info/gnd/118739131,182192
wr-person-0099,"Pastor, Willy",1867-09-22,https://d-nb.info/gnd/11605302X,35005
wr-person-0042,"Peladan, Sar Josephin",,https://d-nb.info/gnd/118790188,64983
wr-person-0088,"Perzynski, Friedrich",,https://d-nb.info/gnd/1244003514,299991
wr-person-0251,"Pica, Vittorio",1862,https://d-nb.info/gnd/118855840,93413
wr-person-0184,"Pilar, Ivo",1874-06-19,https://d-nb.info/gnd/11815608X,101492
wr-person-0235,"Poe, Edgar Allan",1809-01-19,https://d-nb.info/gnd/11859527X,12428
wr-person-0239,"Poestion, Josef",1853-06-07,https://d-nb.info/gnd/116249978,22649
wr-person-0189,"Poppée, Dolphine",,https://pmb.acdh.oeaw.ac.at/entity/171246/,171246
wr-person-0036,"Prévost, Marcel",1862-05-01,https://d-nb.info/gnd/11864176X,9386
wr-person-0123,"Przerwa-Tetmajer, Kazimierz",1865-02-12,https://d-nb.info/gnd/12350175X,106409
wr-person-0290,"Pudor, Heinrich",1865-08-29,https://d-nb.info/gnd/11630734X,114434
wr-person-0209,"Puttkamer, Alberta von",1849-05-05,https://d-nb.info/gnd/116314184,299992
wr-person-0097,Rachilde,1860-02-11,https://d-nb.info/gnd/119100770,64990
wr-person-0005,"Rappaport, Felix",1874-11-17,https://d-nb.info/gnd/1046354299,28598
wr-person-0013,"Reibrach, Jean",1853-10-16,https://d-nb.info/gnd/1052850162,299995
wr-person-0026,"Reuter, Gabriele",,https://d-nb.info/gnd/118744712,12514
wr-person-0041,"Rilke, Rainer Maria",1875-12-04,https://d-nb.info/gnd/118601024,9531
wr-person-0114,"Rilke, Rainer Maria",1875-12-04,https://d-nb.info/gnd/118601024,9531
wr-person-0111,"Robitsek, Vilma",,https://pmb.acdh.oeaw.ac.at/entity/23479/,23479
wr-person-0225,"Rossetti, Dante Gabriel",,https://d-nb.info/gnd/118749900,113201
wr-person-0178,"Rubinstein, Dr. Susanna",,https://d-nb.info/gnd/116669616,299996
wr-person-0204,"Ruskin, John",1819-02-08,https://d-nb.info/gnd/118604279,39087
wr-person-0031,"Saar, Ferdinand von",1833-09-30,https://d-nb.info/gnd/118604449,12602
wr-person-0269,"Sachs, Otto",,https://d-nb.info/gnd/116740469,299999
wr-person-0065,"Samain, Albert",1858,https://d-nb.info/gnd/118794299,156850
wr-person-0072,"Schaeffer, Emil",,https://d-nb.info/gnd/117099589,9658
wr-person-0216,"Schäfer, Wilhelm",,https://d-nb.info/gnd/118794868,9817
wr-person-0009,"Schäffer, Emil",,https://d-nb.info/gnd/117099589,9658
wr-person-0198,"Schaukal, Dr. Richard",,https://d-nb.info/gnd/118606662,9674
wr-person-0012,"Schaukal, Richard von",1874-05-27,https://d-nb.info/gnd/118606662,9674
wr-person-0007,"Schik, Friedrich",1857,https://d-nb.info/gnd/11726413X,2420
wr-person-0190,"Schlaf, Johannes",1862-06-21,https://d-nb.info/gnd/118607871,12664
wr-person-0220,"Schlesinger-Eckstein, Therese,Kaethe",,https://d-nb.info/gnd/101843305,103466
wr-person-0106,"Schmidkunz, Dr. Hans",,https://d-nb.info/gnd/117213608,103646
wr-person-0158,"Schmitt, Dr. Eugen Heinrich",,https://d-nb.info/gnd/116799544,103565
wr-person-0278,"Schmitt, Eugen Heinrich",,https://d-nb.info/gnd/116799544,103565
wr-person-0027,"Schmitz, Oscar",,https://d-nb.info/gnd/119328267,12685
wr-person-0071,"Schmitz, Oscar A. H.",1873-04-16,https://d-nb.info/gnd/119328267,12685
wr-person-0104,"Schmitz, Oscar A. H.",1873-04-16,https://d-nb.info/gnd/119328267,12685
wr-person-0119,"Schmitz, Oscar A. H.",1873-04-16,https://d-nb.info/gnd/119328267,12685
wr-person-0182,"Schmujlow-Claassen, Ria",1868-10-12,https://d-nb.info/gnd/118609424,300000
wr-person-0272,"Schölermann, W.",,https://d-nb.info/gnd/116857358,48899
wr-person-0173,"Schölermann, Wilh.",,https://d-nb.info/gnd/116857358,48899
wr-person-0161,"Schölermann, Wilhelm",,https://d-nb.info/gnd/116857358,48899
wr-person-0129,"Scholz, Wilhelm von",,https://d-nb.info/gnd/118610392,9756
wr-person-0245,"Segantini, Giovanni",1858-01-15,https://d-nb.info/gnd/118612700,9845
wr-person-0284,"Seiling, Max, Prof.",,https://d-nb.info/gnd/117471372,162232
wr-person-0024,"Servaes, Franz",,https://d-nb.info/gnd/117467979,12772
wr-person-0150,"Smital, Anton",1863-02-09,https://d-nb.info/gnd/1049162188,300001
wr-person-0302,"Sokal, Eduard",,https://d-nb.info/gnd/1151405132,300005
wr-person-0010,"Ssologub, Fjodor",,https://d-nb.info/gnd/118615378,65111
wr-person-0052,"Stern, Maurice Reinhold von",1860-04-03,https://d-nb.info/gnd/117276871,42086
wr-person-0137,"Stirner, Max",1806-10-25,https://d-nb.info/gnd/118618261,116166
wr-person-0175,"Strindberg, August",1849-01-22,https://d-nb.info/gnd/118619314,12877
wr-person-0228,"Swinburne, Algernon Charles",1837-04-05,https://d-nb.info/gnd/118620207,5202
wr-person-0002,"Tchechow, Anton",1860-01-17,https://d-nb.info/gnd/118638289,3603
wr-person-0301,"Tolstoi, Leo",,https://d-nb.info/gnd/11864291X,3739
wr-person-0238,"Tolstoi, Leo Graf",,https://d-nb.info/gnd/11864291X,3739
wr-person-0281,"Toorop, Jan",1858,https://d-nb.info/gnd/119295954,116280
wr-person-0291,"Topelius, Zacharias",1818-01-14,https://d-nb.info/gnd/119241269,300006
wr-person-0064,"Tschechoff, Anton",,https://d-nb.info/gnd/118638289,3603
wr-person-0135,"Tschechow, Anton",,https://d-nb.info/gnd/118638289,3603
wr-person-0156,"Ubell, Hermann",1876-03-03,https://d-nb.info/gnd/117249238,12984
wr-person-0192,"Uddgren, Gustaf",1865-02-21,https://d-nb.info/gnd/115900191X,300010
wr-person-0300,"Vallotton, Félix",1865-12-28,https://d-nb.info/gnd/118626043,181896
wr-person-0214,"Vancsa, Max",1866,https://d-nb.info/gnd/117344842,106924
wr-person-0107,"Veber, Pierre",,https://d-nb.info/gnd/121502244,26421
wr-person-0039,"Véber, Pierre",1869-05-15,https://d-nb.info/gnd/121502244,26421
wr-person-0255,"Velde, Henry van de",1863-04-03,https://d-nb.info/gnd/118626442,5153
wr-person-0063,"Verhaeren, Emile",1855-05-21,https://d-nb.info/gnd/118768085,26435
wr-person-0006,"Verlaine, Paul",1844-03-30,https://d-nb.info/gnd/118804219,13011
wr-person-0317,"Vick, Carl",1851-12-10,https://d-nb.info/gnd/107777205X,300014
wr-person-0110,"Vogüé, Melchior de",1829-10-18,https://d-nb.info/gnd/117468606,116407
wr-person-0152,"Vom Walde, Philo",1858-08-05,https://d-nb.info/gnd/1321845332,300018
wr-person-0236,"Walser, Robert",,https://d-nb.info/gnd/118628860,36022
wr-person-0029,"Weisengrün, Dr. Paul",,https://d-nb.info/gnd/1057673374,300019
wr-person-0134,"Wengraf, Richard",,https://d-nb.info/gnd/126283451,26944
wr-person-0083,"Whitman, Walt",,https://d-nb.info/gnd/118807153,13102
wr-person-0246,"Wickström, Victor Hugo",1856-05-29,https://d-nb.info/gnd/127987800,300022
wr-person-0068,"Wilde, Oscar",1854-10-16,https://d-nb.info/gnd/118632779,13115
wr-person-0028,"Wilhelm, Paul",,https://d-nb.info/gnd/116259604,27150
wr-person-0138,"Wille, Bruno",1860-02-06,https://d-nb.info/gnd/11863318X,10543
wr-person-0115,"Zenker, Ernst Viktor",1865,https://d-nb.info/gnd/116979798,27464
wr-person-0213,"Zilcken, Philippe",1857-04-21,https://d-nb.info/gnd/1018256768,300027
wr-person-0230,"Zillmann, Helene",1867,https://d-nb.info/gnd/117724653,300030
wr-person-0195,"Zuckerkandl, B.",,https://d-nb.info/gnd/118758160,2312
